Date,Close/Last,Volume,Open,High,Low
11/04/2024,$13.10,492933,$13.13,$13.24,$13.02
11/01/2024,$13.07,412957,$13.20,$13.20,$13.02
10/31/2024,$13.22,405832,$13.26,$13.26,$13.15
10/30/2024,$13.18,540266,$13.26,$13.2601,$13.14
10/29/2024,$13.24,423410,$13.39,$13.40,$13.2101
10/28/2024,$13.30,417258,$13.25,$13.30,$13.14
10/25/2024,$13.11,390321,$13.07,$13.29,$13.02
10/24/2024,$13.23,265225,$13.15,$13.35,$13.15
10/23/2024,$13.14,395829,$13.12,$13.40,$13.09
10/22/2024,$13.23,345955,$13.14,$13.42,$13.12
10/21/2024,$13.34,583072,$13.42,$13.48,$13.30
10/18/2024,$13.48,605631,$13.22,$13.50,$13.22
10/17/2024,$13.40,1841523,$13.43,$13.45,$13.21
10/16/2024,$13.33,1324611,$13.20,$13.38,$13.20
10/15/2024,$13.12,773284,$13.17,$13.255,$13.10
10/14/2024,$13.18,464381,$13.15,$13.30,$13.15
10/11/2024,$13.24,641712,$13.185,$13.39,$13.185
10/10/2024,$13.32,942520,$13.40,$13.40,$13.20
10/09/2024,$13.29,3499904,$13.20,$13.30,$12.00
10/08/2024,$13.46,949912,$13.39,$13.49,$13.37
10/07/2024,$13.58,665417,$13.65,$13.79,$13.523
10/04/2024,$13.19,413641,$13.21,$13.24,$13.13
10/03/2024,$13.13,1380375,$13.13,$13.21,$13.10
10/02/2024,$13.19,850345,$13.30,$13.30,$13.14
10/01/2024,$13.37,578783,$13.32,$13.49,$13.15
09/30/2024,$13.32,376248,$13.44,$13.44,$13.28
09/27/2024,$13.53,461910,$13.70,$13.77,$13.48
09/26/2024,$13.89,377078,$13.77,$13.90,$13.69
09/25/2024,$13.20,454629,$13.39,$13.39,$13.15
09/24/2024,$13.40,381859,$13.50,$13.50,$13.34
09/23/2024,$13.39,573123,$13.30,$13.45,$13.25
09/20/2024,$13.372,856963,$13.53,$13.53,$13.33
09/19/2024,$13.48,516044,$13.55,$13.66,$13.44
09/18/2024,$13.28,431552,$13.30,$13.49,$13.21
09/17/2024,$13.33,346839,$13.51,$13.55,$13.31
09/16/2024,$13.47,300217,$13.44,$13.55,$13.38
09/13/2024,$13.36,248888,$13.48,$13.48,$13.35
09/12/2024,$13.49,214748,$13.42,$13.50,$13.3225
09/11/2024,$13.43,353712,$13.28,$13.43,$13.20
09/10/2024,$13.45,421680,$13.30,$13.46,$13.30
09/09/2024,$13.52,501570,$13.30,$13.58,$13.30
09/06/2024,$13.30,403732,$13.50,$13.55,$13.28
09/05/2024,$13.48,582551,$13.45,$13.52,$13.43
09/04/2024,$13.36,495428,$13.10,$13.36,$13.10
09/03/2024,$13.30,517412,$13.66,$13.67,$13.25
08/30/2024,$13.60,310446,$13.55,$13.71,$13.52
08/29/2024,$13.53,330420,$13.58,$13.73,$13.50
08/28/2024,$13.64,284626,$13.87,$13.87,$13.62
08/27/2024,$13.91,240030,$13.95,$14.00,$13.76
08/26/2024,$14.00,264759,$13.95,$14.09,$13.95
08/23/2024,$14.22,387895,$13.94,$14.22,$13.94
08/22/2024,$14.01,359696,$14.07,$14.25,$14.01
08/21/2024,$14.22,601962,$13.95,$14.22,$13.94
08/20/2024,$13.85,230446,$13.88,$13.88,$13.70
08/19/2024,$13.77,328378,$13.63,$13.88,$13.63
08/16/2024,$13.58,417548,$13.45,$13.68,$13.45
08/15/2024,$13.43,394597,$13.38,$13.43,$13.23
08/14/2024,$13.38,1037349,$13.40,$13.46,$13.36
08/13/2024,$13.205,573015,$13.07,$13.30,$13.07
08/12/2024,$13.25,602499,$13.12,$13.36,$13.12
08/09/2024,$13.23,929154,$13.05,$13.40,$13.05
08/08/2024,$12.99,815991,$12.67,$13.01,$12.67
08/07/2024,$12.90,796920,$12.92,$13.28,$12.88
08/06/2024,$12.59,2223742,$12.83,$12.83,$12.44
08/05/2024,$11.88,5740258,$11.36,$11.97,$11.36
08/02/2024,$11.89,2413923,$12.38,$12.38,$11.85
08/01/2024,$13.21,964517,$13.44,$13.50,$13.07
07/31/2024,$13.72,1221761,$13.76,$13.82,$13.59
07/30/2024,$13.52,471185,$13.53,$13.54,$13.40
07/29/2024,$13.47,404614,$13.48,$13.72,$13.40
07/26/2024,$13.54,485733,$13.38,$13.55,$13.38
07/25/2024,$13.34,728222,$13.47,$13.53,$13.32
07/24/2024,$13.47,462562,$13.56,$13.75,$13.46
07/23/2024,$13.5186,386078,$13.48,$13.61,$13.46
07/22/2024,$13.6099,1087843,$13.55,$13.64,$13.54
07/19/2024,$13.44,1035870,$13.615,$13.64,$13.44
07/18/2024,$13.63,1640538,$13.65,$13.76,$13.58
07/17/2024,$13.76,836177,$13.78,$13.83,$13.7225
07/16/2024,$13.89,563463,$13.83,$13.93,$13.75
07/15/2024,$14.02,335920,$14.15,$14.15,$14.00
07/12/2024,$14.10,392801,$13.97,$14.14,$13.97
07/11/2024,$14.10,406147,$14.14,$14.27,$14.10
07/10/2024,$14.00,930749,$13.81,$14.00,$13.81
07/09/2024,$13.76,276420,$13.75,$13.95,$13.75
07/08/2024,$13.63,281435,$13.67,$13.70,$13.60
07/05/2024,$13.78,318712,$13.82,$13.8699,$13.66
07/03/2024,$13.74,1159715,$13.63,$13.77,$13.63
07/02/2024,$13.79,1502345,$13.80,$13.82,$13.62
07/01/2024,$13.48,287592,$13.60,$13.60,$13.46
06/28/2024,$13.30,494772,$13.32,$13.35,$13.235
06/27/2024,$13.38,283623,$13.35,$13.40,$13.33
06/26/2024,$13.39,296428,$13.53,$13.55,$13.36
06/25/2024,$13.47,404476,$13.49,$13.50,$13.41
06/24/2024,$13.27,272424,$13.30,$13.39,$13.26
06/21/2024,$13.26,320646,$13.246,$13.29,$13.22
06/20/2024,$13.30,654771,$13.42,$13.50,$13.25
06/18/2024,$13.79,818797,$13.79,$13.88,$13.66
06/17/2024,$13.37,468990,$13.20,$13.45,$13.20
06/14/2024,$13.39,513623,$13.35,$13.44,$13.34
06/13/2024,$13.24,584112,$13.28,$13.36,$13.19
06/12/2024,$13.65,701834,$13.66,$13.80,$13.61
06/11/2024,$13.72,511272,$13.81,$13.90,$13.67
06/10/2024,$13.95,581934,$13.79,$13.96,$13.78
06/07/2024,$13.90,340598,$14.00,$14.00,$13.89
06/06/2024,$14.09,330303,$14.10,$14.19,$14.03
06/05/2024,$14.09,350115,$14.02,$14.16,$13.99
06/04/2024,$14.20,1203678,$14.05,$14.22,$14.05
06/03/2024,$13.73,453970,$13.65,$13.796,$13.65
05/31/2024,$13.58,724604,$13.55,$13.67,$13.48
05/30/2024,$13.29,335089,$13.35,$13.35,$13.20
05/29/2024,$13.01,349738,$13.00,$13.10,$13.00
05/28/2024,$13.00,655503,$13.01,$13.12,$12.98
05/24/2024,$13.16,837618,$13.02,$13.20,$13.02
05/23/2024,$13.04,1209267,$13.30,$13.335,$13.01
05/22/2024,$13.33,3964492,$13.25,$13.38,$13.25
05/21/2024,$13.44,774331,$13.34,$13.60,$13.33
05/20/2024,$13.375,1590067,$13.55,$13.55,$13.31
05/17/2024,$13.64,1768452,$13.52,$13.70,$13.52
05/16/2024,$13.68,6516149,$13.76,$13.82,$13.67
05/15/2024,$13.41,1624925,$13.38,$13.48,$13.20
05/14/2024,$13.49,2912689,$13.42,$13.58,$13.37
05/13/2024,$12.85,2100730,$12.75,$12.94,$12.75
05/10/2024,$12.62,2236666,$12.59,$12.69,$12.50
05/09/2024,$12.33,3748453,$12.20,$12.35,$12.11
05/08/2024,$11.76,2176690,$11.88,$11.93,$11.75
05/07/2024,$12.40,1457203,$12.19,$12.55,$12.17
05/06/2024,$12.41,851210,$12.35,$12.48,$12.25
05/03/2024,$12.38,293488,$12.425,$12.425,$12.28
05/02/2024,$12.25,562550,$12.05,$12.25,$12.05
05/01/2024,$12.05,751290,$12.10,$12.20,$12.01
04/30/2024,$12.18,1854017,$12.33,$12.33,$12.16
04/29/2024,$12.35,749062,$12.30,$12.35,$12.25
04/26/2024,$12.25,1511928,$12.16,$12.25,$12.10
04/25/2024,$11.89,1290580,$11.84,$11.905,$11.77
04/24/2024,$12.04,298796,$12.08,$12.11,$12.00
04/23/2024,$12.08,628478,$12.10,$12.12,$12.02
04/22/2024,$12.13,434927,$12.22,$12.27,$12.06
04/19/2024,$11.98,1230404,$12.08,$12.19,$11.95
04/18/2024,$12.12,672648,$12.19,$12.27,$12.12
04/17/2024,$12.22,489411,$12.27,$12.40,$12.18
04/16/2024,$12.14,738679,$12.06,$12.14,$12.03
04/15/2024,$12.19,1031949,$12.41,$12.45,$12.18
04/12/2024,$12.41,474540,$12.45,$12.60,$12.41
04/11/2024,$12.575,771891,$12.55,$12.60,$12.48
04/10/2024,$12.63,406559,$12.75,$12.75,$12.58
04/09/2024,$12.91,356215,$12.90,$12.95,$12.86
04/08/2024,$12.95,478995,$12.90,$13.02,$12.88
04/05/2024,$12.77,512851,$12.75,$12.79,$12.72
04/04/2024,$12.83,660675,$12.92,$13.00,$12.80
04/03/2024,$12.90,676932,$12.84,$12.91,$12.80
04/02/2024,$13.33,993573,$13.33,$13.38,$13.27
04/01/2024,$13.46,555581,$13.50,$13.55,$13.36
03/28/2024,$13.59,698660,$13.50,$13.64,$13.50
03/27/2024,$13.68,302539,$13.86,$13.90,$13.63
03/26/2024,$13.68,376677,$13.67,$13.75,$13.65
03/25/2024,$13.67,410166,$13.68,$13.72,$13.57
03/22/2024,$13.84,994550,$13.76,$13.89,$13.76
03/21/2024,$13.84,480567,$13.95,$13.95,$13.76
03/20/2024,$13.92,353123,$13.81,$13.941,$13.81
03/19/2024,$13.91,515776,$13.72,$13.92,$13.72
03/18/2024,$13.78,371380,$13.77,$13.87,$13.76
03/15/2024,$13.77,370676,$13.82,$13.85,$13.70
03/14/2024,$13.78,334991,$13.80,$13.98,$13.73
03/13/2024,$13.82,390196,$14.00,$14.00,$13.82
03/12/2024,$13.91,334973,$14.00,$14.04,$13.82
03/11/2024,$13.95,477042,$13.89,$14.00,$13.89
03/08/2024,$13.77,508778,$14.00,$14.00,$13.75
03/07/2024,$14.02,368773,$13.98,$14.055,$13.96
03/06/2024,$13.90,383743,$13.90,$14.00,$13.85
03/05/2024,$13.84,498465,$13.86,$13.95,$13.81
03/04/2024,$13.79,1421544,$13.83,$13.86,$13.76
03/01/2024,$14.04,1208622,$13.96,$14.07,$13.96
02/29/2024,$13.91,1060649,$13.91,$14.00,$13.89
02/28/2024,$13.77,880401,$13.78,$13.83,$13.73
02/27/2024,$14.04,878844,$14.18,$14.18,$14.02
02/26/2024,$14.24,1128333,$14.32,$14.45,$14.24
02/23/2024,$13.96,589474,$14.00,$14.025,$13.92
02/22/2024,$13.94,935646,$14.04,$14.08,$13.87
02/21/2024,$13.99,1099770,$13.85,$13.99,$13.80
02/20/2024,$13.62,1342241,$13.71,$13.74,$13.52
02/16/2024,$14.30,1219158,$14.41,$14.59,$14.28
02/15/2024,$14.94,1112571,$14.85,$15.01,$14.80
02/14/2024,$14.685,2112091,$14.72,$14.77,$14.62
02/13/2024,$14.33,1335825,$14.40,$14.41,$14.25
02/12/2024,$14.47,4037421,$14.60,$14.75,$14.44
02/09/2024,$14.58,558673,$14.50,$14.60,$14.46
02/08/2024,$14.46,862072,$14.37,$14.46,$14.29
02/07/2024,$14.17,956220,$14.16,$14.30,$14.11
02/06/2024,$14.55,2628169,$14.20,$14.65,$14.20
02/05/2024,$13.99,2588433,$14.16,$14.22,$13.92
02/02/2024,$14.29,2172382,$14.10,$14.29,$14.02
02/01/2024,$14.22,943821,$14.00,$14.22,$13.99
01/31/2024,$13.89,418788,$13.93,$14.10,$13.89
01/30/2024,$13.92,639278,$13.83,$14.00,$13.83
01/29/2024,$13.70,523656,$13.62,$13.70,$13.60
01/26/2024,$13.40,456756,$13.30,$13.40,$13.30
01/25/2024,$13.45,629803,$13.43,$13.50,$13.37
01/24/2024,$13.36,585264,$13.40,$13.48,$13.36
01/23/2024,$13.52,474453,$13.60,$13.60,$13.48
01/22/2024,$13.60,965499,$13.63,$13.69,$13.53
01/19/2024,$13.74,647055,$13.69,$13.7655,$13.63
01/18/2024,$13.65,911688,$13.65,$13.74,$13.56
01/17/2024,$13.34,714655,$13.35,$13.44,$13.27
01/16/2024,$13.65,770643,$13.78,$13.83,$13.63
01/12/2024,$13.93,954159,$13.92,$14.02,$13.92
01/11/2024,$13.605,492558,$13.47,$13.68,$13.47
01/10/2024,$13.43,1040745,$13.54,$13.62,$13.43
01/09/2024,$13.06,626507,$13.00,$13.09,$12.90
01/08/2024,$12.79,1120035,$12.55,$12.80,$12.45
01/05/2024,$12.49,421261,$12.42,$12.60,$12.42
01/04/2024,$12.42,514952,$12.52,$12.52,$12.35
01/03/2024,$12.70,439246,$12.80,$12.89,$12.60
01/02/2024,$12.80,622184,$12.97,$12.97,$12.80
12/29/2023,$12.99,789554,$12.90,$12.99,$12.88
12/28/2023,$12.51,564075,$12.50,$12.70,$12.48
12/27/2023,$12.48,464980,$12.31,$12.50,$12.31
12/26/2023,$12.28,461067,$12.17,$12.29,$12.17
12/22/2023,$12.17,500192,$12.19,$12.25,$12.10
12/21/2023,$12.19,536163,$12.00,$12.19,$12.00
12/20/2023,$11.96,891823,$12.00,$12.09,$11.92
12/19/2023,$12.07,829294,$11.98,$12.09,$11.97
12/18/2023,$11.90,528715,$11.97,$12.00,$11.80
12/15/2023,$11.79,1068693,$11.96,$11.96,$11.79
12/14/2023,$12.075,467999,$11.96,$12.08,$11.95
12/13/2023,$12.02,598102,$11.86,$12.06,$11.85
12/12/2023,$11.88,688977,$11.88,$11.95,$11.80
12/11/2023,$11.79,481033,$11.75,$11.82,$11.75
12/08/2023,$11.79,804817,$11.73,$11.80,$11.73
12/07/2023,$11.73,856172,$11.69,$11.80,$11.69
12/06/2023,$11.57,1082172,$11.62,$11.71,$11.57
12/05/2023,$11.55,469018,$11.50,$11.60,$11.50
12/04/2023,$11.55,562441,$11.58,$11.65,$11.49
12/01/2023,$11.73,519133,$11.66,$11.78,$11.60
11/30/2023,$11.63,495569,$11.60,$11.66,$11.55
11/29/2023,$11.53,602618,$11.51,$11.56,$11.50
11/28/2023,$11.54,672321,$11.53,$11.55,$11.455
11/27/2023,$11.54,685138,$11.51,$11.55,$11.48
11/24/2023,$11.48,357340,$11.37,$11.59,$11.35
11/22/2023,$11.61,452480,$11.46,$11.72,$11.46
11/21/2023,$11.49,917422,$11.45,$11.56,$11.45
11/20/2023,$11.44,1229194,$11.47,$11.47,$11.38
11/17/2023,$11.53,612581,$11.54,$11.71,$11.51
11/16/2023,$11.67,544780,$11.52,$11.69,$11.52
11/15/2023,$11.52,959452,$11.57,$11.70,$11.51
11/14/2023,$11.76,1021719,$11.77,$11.80,$11.635
11/13/2023,$11.6399,4914856,$11.51,$11.64,$11.51
11/10/2023,$11.395,784912,$11.37,$11.45,$11.27
11/09/2023,$11.68,1744353,$11.83,$11.87,$11.666
11/08/2023,$11.355,1909484,$11.36,$11.54,$11.30
11/07/2023,$10.98,1605745,$10.69,$11.00,$10.67
11/06/2023,$10.68,750431,$10.63,$10.69,$10.56
11/03/2023,$10.80,511726,$10.71,$10.80,$10.69
11/02/2023,$10.61,1109519,$10.57,$10.61,$10.53
11/01/2023,$10.48,691114,$10.35,$10.48,$10.35
10/31/2023,$10.32,1282410,$10.23,$10.36,$10.23
10/30/2023,$10.204,822422,$10.24,$10.25,$10.15
10/27/2023,$10.23,685968,$10.25,$10.32,$10.19
10/26/2023,$10.12,763217,$10.10,$10.18,$10.06
10/25/2023,$10.17,475623,$10.15,$10.25,$10.15
10/24/2023,$10.11,620919,$10.13,$10.15,$10.08
10/23/2023,$10.09,848528,$10.05,$10.12,$10.03
10/20/2023,$10.07,839284,$10.19,$10.19,$10.03
10/19/2023,$10.092,761276,$10.17,$10.18,$10.06
10/18/2023,$10.04,451909,$10.11,$10.18,$10.03
10/17/2023,$10.17,887806,$10.27,$10.27,$10.11
10/16/2023,$10.36,1113949,$10.26,$10.37,$10.26
10/13/2023,$10.22,398390,$10.27,$10.31,$10.20
10/12/2023,$10.48,608586,$10.50,$10.57,$10.465
10/11/2023,$10.51,368324,$10.52,$10.64,$10.48
10/10/2023,$10.55,737410,$10.50,$10.62,$10.50
10/09/2023,$10.50,453192,$10.38,$10.52,$10.38
10/06/2023,$10.47,963002,$10.39,$10.50,$10.36
10/05/2023,$10.385,865593,$10.34,$10.43,$10.32
10/04/2023,$10.22,670624,$10.19,$10.25,$10.16
10/03/2023,$10.18,564184,$10.14,$10.24,$10.14
10/02/2023,$10.12,750862,$10.20,$10.30,$10.09
09/29/2023,$10.35,483477,$10.47,$10.475,$10.34
09/28/2023,$10.27,1094241,$10.28,$10.40,$10.20
09/27/2023,$10.36,811317,$10.35,$10.42,$10.31
09/26/2023,$10.40,894291,$10.38,$10.44,$10.35
09/25/2023,$10.41,726518,$10.32,$10.417,$10.32
09/22/2023,$10.37,558589,$10.35,$10.40,$10.35
09/21/2023,$10.33,1075468,$10.40,$10.48,$10.31
09/20/2023,$10.50,2137689,$10.62,$10.63,$10.50
09/19/2023,$10.84,1452745,$10.85,$10.925,$10.84
09/18/2023,$10.64,502404,$10.50,$10.64,$10.50
09/15/2023,$10.62,1022065,$10.70,$10.72,$10.61
09/14/2023,$10.82,601395,$10.78,$10.86,$10.71
09/13/2023,$10.67,439926,$10.57,$10.72,$10.57
09/12/2023,$10.82,1320422,$10.72,$10.89,$10.72
09/11/2023,$10.92,867819,$10.88,$10.94,$10.76
09/08/2023,$10.80,1762977,$10.73,$10.84,$10.62
09/07/2023,$10.73,1441264,$10.70,$10.80,$10.70
09/06/2023,$10.65,771144,$10.60,$10.71,$10.60
09/05/2023,$10.63,552476,$10.68,$10.80,$10.57
09/01/2023,$10.68,488120,$10.755,$10.755,$10.62
08/31/2023,$10.67,480495,$10.76,$10.84,$10.62
08/30/2023,$10.60,528531,$10.50,$10.67,$10.50
08/29/2023,$10.58,478568,$10.51,$10.59,$10.45
08/28/2023,$10.50,545416,$10.55,$10.63,$10.47
08/25/2023,$10.40,268320,$10.35,$10.42,$10.30
08/24/2023,$10.36,449833,$10.45,$10.52,$10.36
08/23/2023,$10.61,633099,$10.51,$10.64,$10.51
08/22/2023,$10.43,454491,$10.51,$10.57,$10.429
08/21/2023,$10.50,498813,$10.43,$10.50,$10.43
08/18/2023,$10.47,660312,$10.52,$10.53,$10.41
08/17/2023,$10.47,912731,$10.54,$10.66,$10.46
08/16/2023,$10.72,539229,$10.74,$10.85,$10.71
08/15/2023,$10.65,454592,$10.70,$10.88,$10.65
08/14/2023,$10.73,751147,$10.69,$10.85,$10.69
08/11/2023,$10.70,273295,$10.73,$10.85,$10.69
08/10/2023,$10.73,669343,$10.81,$10.86,$10.71
08/09/2023,$10.60,1404589,$10.70,$10.75,$10.57
08/08/2023,$10.72,2487260,$10.73,$10.75,$10.64
08/07/2023,$10.88,1504191,$10.90,$10.92,$10.85
08/04/2023,$10.77,1736149,$10.82,$10.88,$10.76
08/03/2023,$11.16,2568579,$11.45,$11.51,$11.14
08/02/2023,$10.91,984256,$11.00,$11.03,$10.91
08/01/2023,$11.12,747886,$11.13,$11.19,$11.10
07/31/2023,$11.28,1278273,$11.35,$11.45,$11.21
07/28/2023,$11.30,699959,$11.29,$11.45,$11.28
07/27/2023,$11.21,1005650,$11.23,$11.41,$11.20
07/26/2023,$11.13,642563,$11.07,$11.17,$11.03
07/25/2023,$11.22,1135911,$11.25,$11.285,$11.196
07/24/2023,$11.47,761871,$11.47,$11.51,$11.46
07/21/2023,$11.38,372753,$11.38,$11.449,$11.35
07/20/2023,$11.40,464458,$11.54,$11.54,$11.37
07/19/2023,$11.45,755836,$11.452,$11.55,$11.45
07/18/2023,$11.525,2382148,$11.40,$11.55,$11.36
07/17/2023,$11.40,956680,$11.38,$11.42,$11.26
07/14/2023,$11.38,809003,$11.63,$11.63,$11.35
07/13/2023,$11.60,686403,$11.55,$11.65,$11.55
07/12/2023,$11.335,557921,$11.27,$11.46,$11.27
07/11/2023,$11.22,3482864,$11.10,$11.23,$11.04
07/10/2023,$11.12,301098,$11.15,$11.16,$11.04
07/07/2023,$11.13,513738,$10.99,$11.22,$10.99
07/06/2023,$10.97,824346,$11.00,$11.01,$10.91
07/05/2023,$11.14,491686,$11.25,$11.33,$11.12
07/03/2023,$11.33,398041,$11.30,$11.38,$11.28
06/30/2023,$11.38,2438769,$11.30,$11.44,$11.30
06/29/2023,$11.33,954432,$11.31,$11.36,$11.30
06/28/2023,$11.31,1692853,$11.22,$11.37,$11.20
06/27/2023,$11.15,1329611,$11.105,$11.19,$11.09
06/26/2023,$10.91,829602,$10.905,$10.93,$10.87
06/23/2023,$10.74,581143,$10.83,$10.83,$10.71
06/22/2023,$11.06,1094914,$11.065,$11.13,$11.00
06/21/2023,$10.91,1128229,$10.94,$10.94,$10.84
06/20/2023,$10.94,651919,$10.97,$10.99,$10.88
06/16/2023,$10.97,1072829,$11.09,$11.11,$10.96
06/15/2023,$11.07,543802,$10.97,$11.08,$10.93
06/14/2023,$10.97,815643,$11.09,$11.09,$10.90
06/13/2023,$11.12,1219384,$11.10,$11.14,$11.08
06/12/2023,$11.00,1156350,$10.95,$11.99,$10.95
06/09/2023,$10.95,1430961,$10.965,$11.04,$10.94
06/08/2023,$10.80,694418,$10.69,$10.81,$10.65
06/07/2023,$10.7335,609451,$10.77,$10.87,$10.72
06/06/2023,$10.88,1033902,$10.92,$10.94,$10.87
06/05/2023,$10.77,857042,$10.87,$10.87,$10.75
06/02/2023,$10.84,762554,$10.88,$10.93,$10.84
06/01/2023,$10.71,1622132,$10.66,$10.75,$10.65
05/31/2023,$10.57,1481904,$10.50,$10.61,$10.47
05/30/2023,$10.63,1164562,$10.68,$10.76,$10.60
05/26/2023,$10.68,478814,$10.551,$10.72,$10.55
05/25/2023,$10.52,1258779,$10.50,$10.60,$10.50
05/24/2023,$10.57,812715,$10.62,$10.62,$10.56
05/23/2023,$10.67,853602,$10.85,$10.85,$10.67
05/22/2023,$10.87,1288716,$10.93,$10.97,$10.87
05/19/2023,$10.84,1733221,$10.83,$10.86,$10.76
05/18/2023,$10.97,1832407,$10.97,$11.00,$10.94
05/17/2023,$10.94,2626708,$10.85,$10.96,$10.80
05/16/2023,$10.71,2298261,$10.72,$10.75,$10.69
05/15/2023,$10.72,6394625,$10.71,$10.76,$10.64
05/12/2023,$10.68,3234204,$10.68,$10.75,$10.63
05/11/2023,$10.47,4934816,$10.30,$10.49,$10.30
05/10/2023,$10.51,1529225,$10.65,$10.65,$10.4595
05/09/2023,$10.73,2617938,$10.275,$10.85,$10.2145
05/08/2023,$10.66,937620,$10.63,$10.66,$10.56
05/05/2023,$10.56,1172985,$10.49,$10.60,$10.47
05/04/2023,$10.47,986724,$10.43,$10.52,$10.43
05/03/2023,$10.43,1012032,$10.35,$10.466,$10.27
05/02/2023,$10.32,713645,$10.28,$10.33,$10.25
05/01/2023,$10.35,1221855,$10.43,$10.45,$10.3101
04/28/2023,$10.56,975346,$10.59,$10.61,$10.49
04/27/2023,$10.58,771575,$10.50,$10.59,$10.45
04/26/2023,$10.42,631887,$10.45,$10.59,$10.41
04/25/2023,$10.47,1281830,$10.43,$10.59,$10.43
04/24/2023,$10.43,886771,$10.32,$10.46,$10.32
04/21/2023,$10.34,1173984,$10.22,$10.34,$10.22
04/20/2023,$10.19,821866,$10.32,$10.33,$10.14
04/19/2023,$10.18,1572459,$10.30,$10.30,$10.15
04/18/2023,$10.30,912032,$10.34,$10.39,$10.28
04/17/2023,$10.17,1505948,$10.10,$10.19,$10.09
04/14/2023,$10.22,725892,$10.45,$10.45,$10.17
04/13/2023,$10.20,1521991,$10.21,$10.24,$10.08
04/12/2023,$10.21,819566,$10.20,$10.26,$10.17
04/11/2023,$10.10,1607861,$10.17,$10.17,$10.09
04/10/2023,$10.27,2487115,$10.16,$10.29,$10.11
04/06/2023,$10.00,1273722,$9.90,$10.05,$9.90
04/05/2023,$9.94,1244434,$9.985,$10.05,$9.90
04/04/2023,$10.18,1415778,$10.15,$10.24,$10.13
04/03/2023,$9.74,956250,$9.65,$9.75,$9.61
03/31/2023,$9.69,981414,$9.70,$9.72,$9.60
03/30/2023,$9.63,1276899,$9.68,$9.68,$9.55
03/29/2023,$9.77,1031282,$9.65,$9.825,$9.65
03/28/2023,$9.61,707839,$9.70,$9.70,$9.55
03/27/2023,$9.65,605354,$9.72,$9.74,$9.60
03/24/2023,$9.60,676788,$9.77,$9.77,$9.57
03/23/2023,$9.638,597308,$9.66,$9.67,$9.59
03/22/2023,$9.50,765619,$9.56,$9.615,$9.50
03/21/2023,$9.56,498059,$9.515,$9.61,$9.42
03/20/2023,$9.55,442632,$9.61,$9.61,$9.51
03/17/2023,$9.60,589118,$9.645,$9.69,$9.57
03/16/2023,$9.52,1375809,$9.47,$9.54,$9.42
03/15/2023,$9.40,613708,$9.475,$9.48,$9.34
03/14/2023,$9.4525,812738,$9.50,$9.50,$9.38
03/13/2023,$9.46,843103,$9.44,$9.51,$9.44
03/10/2023,$9.45,1018115,$9.41,$9.51,$9.38
03/09/2023,$9.41,885482,$9.54,$9.54,$9.4001
03/08/2023,$9.40,854041,$9.43,$9.48,$9.36
03/07/2023,$9.35,1080422,$9.46,$9.55,$9.33
03/06/2023,$9.40,965537,$9.56,$9.58,$9.40
03/03/2023,$9.53,864928,$9.39,$9.55,$9.39
03/02/2023,$9.37,1247783,$9.35,$9.39,$9.26
03/01/2023,$9.31,1700682,$9.37,$9.41,$9.30
02/28/2023,$9.33,1649882,$9.38,$9.39,$9.30
02/27/2023,$9.43,1878905,$9.56,$9.60,$9.42
02/24/2023,$9.59,1028062,$9.64,$9.66,$9.55
02/23/2023,$9.91,1165582,$10.095,$10.10,$9.82
02/22/2023,$9.85,887048,$9.90,$9.98,$9.83
02/21/2023,$10.006,989502,$9.99,$10.01,$9.91
02/17/2023,$10.16,454370,$10.175,$10.24,$10.05
02/16/2023,$10.16,603141,$10.13,$10.20,$10.06
02/15/2023,$9.97,609806,$9.96,$10.15,$9.89
02/14/2023,$9.96,1716128,$10.135,$10.30,$9.90
02/13/2023,$9.93,1199412,$9.84,$9.93,$9.82
02/10/2023,$10.07,922515,$10.18,$10.19,$10.03
02/09/2023,$9.99,1454553,$10.15,$10.15,$9.97
02/08/2023,$9.91,2819349,$9.90,$9.96,$9.81
02/07/2023,$10.18,2820993,$10.13,$10.21,$10.03
02/06/2023,$10.58,790244,$10.73,$10.73,$10.55
02/03/2023,$10.75,713582,$10.73,$10.83,$10.68
02/02/2023,$10.79,944057,$10.88,$10.91,$10.70
02/01/2023,$10.82,416352,$10.69,$10.83,$10.66
01/31/2023,$10.77,629885,$10.80,$10.86,$10.74
01/30/2023,$10.73,992208,$10.80,$10.82,$10.65
01/27/2023,$10.85,636406,$10.85,$10.87,$10.80
01/26/2023,$10.83,676764,$10.81,$10.85,$10.75
01/25/2023,$10.70,1061281,$10.66,$10.74,$10.60
01/24/2023,$10.63,660409,$10.55,$10.67,$10.55
01/23/2023,$10.66,1130159,$10.625,$10.70,$10.57
01/20/2023,$10.74,900684,$10.66,$10.75,$10.56
01/19/2023,$10.74,859856,$10.75,$10.79,$10.63
01/18/2023,$10.76,609766,$10.80,$10.92,$10.75
01/17/2023,$10.76,2213143,$10.63,$10.78,$10.61
01/13/2023,$10.45,1097595,$10.36,$10.49,$10.33
01/12/2023,$10.39,1315669,$10.46,$10.46,$10.25
01/11/2023,$10.24,1072074,$10.26,$10.50,$10.20
01/10/2023,$10.35,849754,$10.405,$10.405,$10.27
01/09/2023,$10.46,1464312,$10.50,$10.68,$10.4425
01/06/2023,$10.42,1571910,$10.21,$10.46,$10.20
01/05/2023,$10.30,885863,$10.40,$10.40,$10.26
01/04/2023,$10.37,519628,$10.647,$10.65,$10.34
01/03/2023,$10.50,1061181,$10.42,$10.75,$10.30
12/30/2022,$10.42,862856,$10.40,$10.45,$10.30
12/29/2022,$10.53,684278,$10.50,$10.56,$10.50
12/28/2022,$10.37,935630,$10.48,$10.58,$10.37
12/27/2022,$10.41,850935,$10.52,$10.60,$10.40
12/23/2022,$10.52,801467,$10.50,$10.55,$10.45
12/22/2022,$10.49,982893,$10.68,$10.68,$10.42
12/21/2022,$10.44,677703,$10.54,$10.57,$10.34
12/20/2022,$10.42,1084417,$10.32,$10.46,$10.31
12/19/2022,$10.145,1411713,$10.27,$10.27,$10.13
12/16/2022,$10.14,2901110,$10.13,$10.19,$10.00
12/15/2022,$10.24,962943,$10.46,$10.46,$10.18
12/14/2022,$10.49,1141796,$10.56,$10.59,$10.42
12/13/2022,$10.39,789833,$10.58,$10.64,$10.39
12/12/2022,$10.34,1248927,$10.38,$10.44,$10.29
12/09/2022,$10.39,668157,$10.45,$10.46,$10.35
12/08/2022,$10.44,966627,$10.44,$10.53,$10.38
12/07/2022,$10.51,913909,$10.37,$10.52,$10.35
12/06/2022,$10.43,868827,$10.41,$10.5189,$10.39
12/05/2022,$10.34,1147208,$10.42,$10.55,$10.31
12/02/2022,$10.56,788637,$10.55,$10.62,$10.50
12/01/2022,$10.58,795176,$10.56,$10.70,$10.56
11/30/2022,$10.73,663683,$10.625,$10.85,$10.40
11/29/2022,$10.59,830517,$10.50,$10.61,$10.50
11/28/2022,$10.54,865978,$10.69,$10.69,$10.51
11/25/2022,$10.63,352771,$10.56,$10.68,$10.5401
11/23/2022,$10.63,869730,$10.40,$10.6625,$10.40
11/22/2022,$10.50,703850,$10.37,$10.50,$10.37
11/21/2022,$10.37,941012,$10.30,$10.52,$10.20
11/18/2022,$10.51,821748,$10.57,$10.60,$10.47
11/17/2022,$10.43,1008946,$10.40,$10.44,$10.27
11/16/2022,$10.33,400585,$10.33,$10.40,$10.27
11/15/2022,$10.27,803026,$10.34,$10.45,$10.27
11/14/2022,$10.14,3173933,$10.00,$10.24,$10.00
11/11/2022,$10.32,948973,$10.08,$10.33,$10.08
11/10/2022,$10.26,3054555,$9.99,$10.28,$9.99
11/09/2022,$9.81,1258850,$10.00,$10.00,$9.76
11/08/2022,$9.99,2754496,$10.30,$10.30,$9.89
11/07/2022,$10.44,1083930,$10.46,$10.48,$10.39
11/04/2022,$10.18,837953,$10.105,$10.24,$10.05
11/03/2022,$10.10,840643,$10.105,$10.35,$9.86
11/02/2022,$10.17,638609,$10.11,$10.50,$10.01
11/01/2022,$10.15,1056178,$10.21,$10.34,$10.12
10/31/2022,$10.12,891638,$10.10,$10.39,$10.10
10/28/2022,$10.07,984470,$9.91,$10.15,$9.90
10/27/2022,$10.075,689858,$10.15,$10.245,$10.05
10/26/2022,$10.29,610917,$10.10,$10.35,$10.10
10/25/2022,$10.10,1240609,$9.77,$10.14,$9.77
10/24/2022,$10.01,880304,$10.20,$10.2501,$9.99
10/21/2022,$10.18,570019,$10.05,$10.265,$9.79
10/20/2022,$10.05,587906,$10.01,$10.40,$10.01
10/19/2022,$9.99,601752,$10.12,$10.2399,$9.96
10/18/2022,$10.20,1233757,$10.25,$10.30,$10.10
10/17/2022,$10.25,1150678,$10.25,$10.40,$10.22
10/14/2022,$10.24,1334885,$10.38,$10.40,$10.14
10/13/2022,$10.3103,1520263,$10.00,$10.34,$10.00
10/12/2022,$10.17,915293,$10.055,$10.22,$10.01
10/11/2022,$10.1401,1754018,$10.15,$10.50,$10.11
10/10/2022,$10.20,548462,$10.27,$10.305,$10.17
10/07/2022,$10.27,783023,$10.37,$10.62,$10.16
10/06/2022,$10.34,564016,$10.50,$10.59,$10.10
10/05/2022,$10.39,1939447,$10.39,$10.62,$10.21
10/04/2022,$10.74,1336501,$10.425,$10.90,$10.32
10/03/2022,$10.02,2915480,$9.87,$10.104,$9.84
09/30/2022,$10.194,2238555,$10.00,$10.236,$9.952
09/29/2022,$10.298,2229500,$10.30,$10.60,$10.00
09/28/2022,$2.148,1206810,$2.085,$2.18,$2.064
09/27/2022,$10.394,2430295,$10.32,$10.506,$10.32
09/26/2022,$10.304,1081360,$10.348,$10.438,$10.274
09/23/2022,$10.52,2296115,$10.575,$10.66,$10.446
09/22/2022,$10.74,1455245,$10.80,$10.906,$10.702
09/21/2022,$10.57,966015,$10.472,$10.676,$10.472
09/20/2022,$10.67,2030755,$10.89,$10.89,$10.622
09/19/2022,$10.69,989165,$10.508,$10.692,$10.508
09/16/2022,$10.666,768950,$10.50,$10.69,$10.50
09/15/2022,$10.838,1219305,$10.704,$10.898,$10.704
09/14/2022,$10.8079,1847160,$10.6649,$10.808,$10.6649
09/13/2022,$10.612,2791900,$10.82,$10.898,$10.61
09/12/2022,$10.36,2204185,$10.36,$10.46,$10.312
09/09/2022,$10.22,1662970,$10.396,$10.396,$10.168
09/08/2022,$10.12,1308510,$10.3529,$10.3529,$10.046
09/07/2022,$10.04,3389470,$10.04,$10.06,$9.952
09/06/2022,$10.03,3779775,$10.068,$10.20,$10.006
09/02/2022,$10.06,900030,$10.17,$10.20,$10.054
09/01/2022,$10.17,872655,$10.20,$10.224,$10.14
08/31/2022,$10.22,608080,$10.375,$10.40,$10.202
08/30/2022,$10.286,1007200,$10.398,$10.398,$10.252
08/29/2022,$10.35,1350530,$10.40,$10.4247,$10.346
08/26/2022,$10.44,2527550,$10.402,$10.6522,$10.402
08/25/2022,$10.648,922180,$10.724,$10.724,$10.564
08/24/2022,$10.588,727770,$10.75,$10.76,$10.55
08/23/2022,$10.862,1010025,$10.976,$10.98,$10.644
08/22/2022,$10.856,1068755,$10.92,$10.954,$10.85
08/19/2022,$10.93,1120555,$11.154,$11.154,$10.853
08/18/2022,$11.222,1823205,$11.164,$11.25,$11.156
08/17/2022,$11.008,1939070,$11.072,$11.144,$10.974
08/16/2022,$10.876,725870,$10.956,$10.956,$10.822
08/15/2022,$10.836,1330200,$10.996,$10.996,$10.748
08/12/2022,$10.788,972005,$10.56,$10.86,$10.56
08/11/2022,$10.788,828820,$10.708,$10.8585,$10.708
08/10/2022,$10.77,892610,$10.466,$10.828,$10.466
08/09/2022,$10.52,798985,$10.444,$10.638,$10.444
08/08/2022,$10.648,796840,$10.70,$10.74,$10.5616
08/05/2022,$10.812,1468215,$11.10,$11.10,$10.764
08/04/2022,$10.724,973990,$10.598,$10.724,$10.516
08/03/2022,$10.45,4409090,$10.538,$10.538,$10.20
08/02/2022,$10.906,858435,$11.20,$11.20,$10.888
08/01/2022,$11.17,611020,$11.002,$11.1811,$11.00
07/29/2022,$11.20,888265,$11.0541,$11.26,$11.0541
07/28/2022,$11.162,547765,$11.20,$11.20,$11.069
07/27/2022,$11.056,477925,$10.80,$11.15,$10.80
07/26/2022,$10.89,1685475,$11.096,$11.096,$10.89
07/25/2022,$11.136,1216305,$11.24,$11.24,$11.084
07/22/2022,$11.232,719370,$11.25,$11.3345,$11.21
07/21/2022,$11.20,804955,$11.24,$11.24,$11.12
07/20/2022,$11.212,1005870,$11.10,$11.346,$11.10
07/19/2022,$11.056,775250,$11.198,$11.198,$10.986
07/18/2022,$11.27,1775585,$11.20,$11.342,$11.181
07/15/2022,$11.238,2085055,$10.906,$11.248,$10.906
07/14/2022,$10.856,508945,$10.92,$10.92,$10.722
07/13/2022,$10.94,832285,$10.70,$10.94,$10.70
07/12/2022,$10.882,479225,$10.70,$10.948,$10.70
07/11/2022,$10.712,1149780,$10.723,$10.758,$10.708
07/08/2022,$10.70,663640,$10.43,$10.796,$10.43
07/07/2022,$10.814,1843680,$10.694,$10.818,$10.694
07/06/2022,$10.808,1171055,$11.04,$11.04,$10.784
07/05/2022,$10.812,892920,$10.68,$10.896,$10.668
07/01/2022,$10.642,1376135,$10.69,$10.69,$10.442
06/30/2022,$10.764,1001485,$10.56,$10.812,$10.56
06/29/2022,$10.798,701490,$10.96,$10.96,$10.64
06/28/2022,$10.83,975505,$10.852,$10.936,$10.804
06/27/2022,$10.774,1393380,$10.814,$10.814,$10.74
06/24/2022,$10.83,1094470,$10.896,$10.896,$10.672
06/23/2022,$10.644,1357985,$10.45,$10.66,$10.438
06/22/2022,$10.56,1089025,$10.474,$10.674,$10.474
06/21/2022,$10.604,1107055,$10.798,$10.798,$10.444
06/17/2022,$10.43,1195395,$10.498,$10.498,$10.382
06/16/2022,$10.456,1296945,$10.394,$10.516,$10.388
06/15/2022,$10.55,1304780,$10.40,$10.60,$10.40
06/14/2022,$10.582,2951815,$10.65,$10.80,$10.494
06/13/2022,$10.59,1651380,$10.76,$10.76,$10.59
06/10/2022,$10.822,1590880,$11.00,$11.01,$10.80
06/09/2022,$11.05,1226330,$11.178,$11.184,$11.018
06/08/2022,$10.928,910295,$10.846,$11.062,$10.846
06/07/2022,$11.024,1702515,$10.868,$11.084,$10.868
06/06/2022,$11.044,1456555,$11.00,$11.18,$10.958
06/03/2022,$10.884,1652905,$10.84,$11.032,$10.84
06/02/2022,$11.112,2179755,$11.012,$11.124,$11.012
06/01/2022,$11.142,1940555,$11.216,$11.328,$11.142
05/31/2022,$11.12,1201240,$11.272,$11.272,$11.10
05/27/2022,$11.218,901245,$11.1302,$11.242,$11.1302
05/26/2022,$11.36,832285,$11.24,$11.40,$11.24
05/25/2022,$11.292,1160705,$11.106,$11.31,$11.106
05/24/2022,$11.68,3345885,$11.674,$11.774,$11.608
05/23/2022,$11.674,1604020,$11.578,$11.774,$11.578
05/20/2022,$11.526,1709530,$11.648,$11.648,$11.42
05/19/2022,$11.52,2281305,$11.396,$11.63,$11.396
05/18/2022,$11.384,2150165,$11.502,$11.594,$11.326
05/17/2022,$11.112,1844565,$11.00,$11.222,$11.00
05/16/2022,$10.914,1339995,$10.78,$11.006,$10.78
05/13/2022,$11.114,1243740,$11.056,$11.134,$11.056
05/12/2022,$11.12,1671740,$10.902,$11.224,$10.902
05/11/2022,$10.98,3612780,$11.066,$11.26,$10.98
05/10/2022,$10.84,5844465,$11.082,$11.35,$10.488
05/09/2022,$10.632,2534970,$10.576,$10.80,$10.576
05/06/2022,$10.998,2323360,$10.95,$11.088,$10.88
05/05/2022,$11.08,4297895,$11.42,$11.42,$10.986
05/04/2022,$11.408,1294910,$11.40,$11.416,$11.146
05/03/2022,$11.19,1510110,$11.004,$11.2548,$11.004
05/02/2022,$11.136,2965575,$11.114,$11.36,$11.06
04/29/2022,$11.396,1161660,$11.498,$11.604,$11.388
04/28/2022,$11.50,2369210,$11.80,$11.80,$11.342
04/27/2022,$11.896,969220,$11.97,$11.986,$11.822
04/26/2022,$11.852,1047245,$12.20,$12.20,$11.84
04/25/2022,$12.374,1124760,$11.924,$12.374,$11.924
04/22/2022,$12.262,1477935,$12.322,$12.37,$12.25
04/21/2022,$12.342,1668615,$12.50,$12.645,$12.304
04/20/2022,$12.49,2325380,$12.732,$12.732,$12.446
04/19/2022,$12.654,1214810,$12.56,$12.692,$12.509
04/18/2022,$12.546,1377560,$12.64,$12.64,$12.528
04/14/2022,$12.684,1844540,$12.94,$12.97,$12.672
04/13/2022,$12.90,1173745,$12.82,$12.91,$12.784
04/12/2022,$12.738,1330220,$12.766,$12.843,$12.707
04/11/2022,$12.672,1044120,$12.738,$12.758,$12.672
04/08/2022,$12.844,1178265,$12.848,$12.864,$12.654
04/07/2022,$12.776,1285030,$12.78,$12.908,$12.759
04/06/2022,$12.774,1187690,$12.70,$12.798,$12.70
04/05/2022,$12.668,1480935,$12.98,$12.98,$12.66
04/04/2022,$13.07,1012890,$13.00,$13.136,$12.968
04/01/2022,$12.968,1420220,$12.88,$12.998,$12.88
03/31/2022,$12.582,737600,$12.78,$12.78,$12.44
03/30/2022,$12.838,5020130,$12.806,$12.986,$12.80
03/29/2022,$13.52,6820400,$13.54,$13.65,$13.304
03/28/2022,$13.432,2193695,$13.204,$13.442,$13.204
03/25/2022,$13.422,1957650,$13.428,$13.60,$13.379
03/24/2022,$13.244,879300,$13.242,$13.272,$13.212
03/23/2022,$13.144,1453740,$13.00,$13.19,$13.00
03/22/2022,$12.92,645295,$12.82,$12.924,$12.82
03/21/2022,$12.856,1330755,$12.70,$12.918,$12.70
03/18/2022,$12.912,1568840,$12.812,$12.916,$12.756
03/17/2022,$12.858,800310,$12.962,$12.962,$12.68
03/16/2022,$12.756,1538000,$12.68,$12.90,$12.624
03/15/2022,$12.24,1885715,$12.24,$12.278,$12.161
03/14/2022,$12.254,1089810,$12.278,$12.42,$12.24
03/11/2022,$12.496,499145,$12.538,$12.649,$12.466
03/10/2022,$12.504,647500,$12.43,$12.65,$12.43
03/09/2022,$12.62,1913030,$12.75,$12.75,$12.468
03/08/2022,$12.144,1648845,$12.068,$12.338,$11.988
03/07/2022,$12.316,1511160,$12.42,$12.558,$12.248
03/04/2022,$12.67,2577030,$12.70,$12.916,$12.608
03/03/2022,$12.718,1130910,$12.744,$12.988,$12.70
03/02/2022,$12.662,1266765,$12.614,$12.665,$12.596
03/01/2022,$12.552,1903010,$12.594,$12.634,$12.538
02/28/2022,$12.714,2182585,$12.58,$12.7189,$12.578
02/25/2022,$12.438,1568695,$12.372,$12.438,$12.322
02/24/2022,$12.47,1925345,$12.184,$12.474,$12.17
02/23/2022,$12.524,1111700,$12.70,$12.70,$12.454
02/22/2022,$12.62,1422175,$12.718,$12.718,$12.54
02/18/2022,$12.776,1261375,$12.71,$12.896,$12.71
02/17/2022,$12.65,830300,$12.72,$12.754,$12.612
02/16/2022,$12.71,1481585,$12.802,$12.802,$12.634
02/15/2022,$12.828,2971280,$12.448,$12.87,$12.448
02/14/2022,$12.474,1102405,$12.546,$12.546,$12.372
02/11/2022,$12.398,2505900,$12.35,$12.50,$12.30
02/10/2022,$12.31,2592705,$12.34,$12.45,$12.266
02/09/2022,$12.65,1201190,$12.538,$12.664,$12.444
02/08/2022,$12.532,1297205,$12.602,$12.604,$12.448
02/07/2022,$12.676,791930,$12.722,$12.764,$12.666
02/04/2022,$12.604,972150,$12.456,$12.618,$12.456
02/03/2022,$12.32,3557660,$12.308,$12.578,$12.226
02/02/2022,$12.532,1138870,$12.62,$12.638,$12.516
02/01/2022,$12.39,1189710,$12.286,$12.40,$12.286
01/31/2022,$12.22,2924845,$12.176,$12.284,$12.154
01/28/2022,$12.222,3950780,$12.058,$12.23,$12.00
01/27/2022,$12.238,3588460,$12.22,$12.356,$12.218
01/26/2022,$12.212,3316690,$12.222,$12.35,$12.11
01/25/2022,$11.782,2522135,$11.789,$11.996,$11.5842
01/24/2022,$11.75,3922825,$11.778,$11.778,$11.488
01/21/2022,$11.864,3163465,$11.882,$12.0411,$11.864
01/20/2022,$11.982,3325340,$12.064,$12.128,$11.856
01/19/2022,$11.722,3523020,$11.7858,$11.90,$11.644
01/18/2022,$11.682,3610155,$11.61,$11.692,$11.574
01/14/2022,$11.432,1167200,$11.392,$11.484,$11.392
01/13/2022,$11.44,1445390,$11.584,$11.598,$11.426
01/12/2022,$11.71,690245,$11.73,$11.73,$11.642
01/11/2022,$11.798,1047535,$11.506,$11.856,$11.506
01/10/2022,$11.688,2455405,$11.464,$11.698,$11.44
01/07/2022,$11.62,1454995,$11.60,$11.634,$11.54
01/06/2022,$11.49,1695955,$11.336,$11.592,$11.31
01/05/2022,$11.388,1127700,$11.548,$11.55,$11.362
01/04/2022,$11.66,1286890,$11.76,$11.76,$11.54
01/03/2022,$11.694,1986415,$11.80,$11.98,$11.65
12/31/2021,$11.674,1246825,$11.666,$11.7234,$11.656
12/30/2021,$11.718,1749915,$11.666,$11.742,$11.622
12/29/2021,$11.898,797890,$11.814,$12.00,$11.814
12/28/2021,$11.954,1528150,$11.942,$12.05,$11.934
12/27/2021,$12.26,2470350,$12.00,$12.2746,$12.00
12/23/2021,$12.182,1404025,$12.098,$12.182,$12.098
12/22/2021,$12.022,1356625,$11.898,$12.064,$11.898
12/21/2021,$12.19,2594845,$12.152,$12.232,$12.064
12/20/2021,$11.847,2500355,$11.704,$11.866,$11.702
12/17/2021,$11.642,1989630,$11.716,$11.726,$11.632
12/16/2021,$11.804,1740610,$11.97,$11.996,$11.75
12/15/2021,$11.784,1790930,$11.736,$11.796,$11.602
12/14/2021,$11.635,1917745,$11.64,$11.798,$11.584
12/13/2021,$11.70,1864600,$11.802,$11.838,$11.70
12/10/2021,$11.88,1507530,$11.84,$11.97,$11.82
12/09/2021,$11.73,1447300,$11.85,$11.948,$11.704
12/08/2021,$11.72,1785790,$11.622,$11.744,$11.622
12/07/2021,$11.55,3226910,$11.574,$11.574,$11.176
12/06/2021,$11.193,3014700,$11.17,$11.29,$11.09
12/03/2021,$11.16,2193790,$11.218,$11.218,$11.032
12/02/2021,$11.40,1998710,$11.362,$11.436,$11.362
12/01/2021,$11.066,1646470,$11.20,$11.324,$11.056
11/30/2021,$11.016,2315885,$11.188,$11.188,$10.954
11/29/2021,$11.342,2568505,$11.376,$11.376,$11.216
11/26/2021,$10.854,734305,$10.914,$10.95,$10.84
11/24/2021,$10.96,1314880,$10.96,$10.96,$10.884
11/23/2021,$11.018,2130825,$11.21,$11.318,$10.97
11/22/2021,$11.11,1884475,$11.33,$11.33,$11.102
11/19/2021,$11.366,1230550,$11.382,$11.414,$11.304
11/18/2021,$11.304,2088095,$11.284,$11.342,$11.25
11/17/2021,$11.062,1601800,$11.04,$11.10,$11.002
11/16/2021,$11.19,3669045,$11.10,$11.294,$11.10
11/15/2021,$10.99,1554560,$11.084,$11.0958,$10.978
11/12/2021,$11.072,1274845,$10.984,$11.088,$10.984
11/11/2021,$11.00,1463735,$10.952,$11.00,$10.932
11/10/2021,$10.862,1676345,$10.924,$11.064,$10.846
11/09/2021,$10.92,1236590,$10.944,$10.99,$10.91
11/08/2021,$10.94,1513365,$10.81,$11.042,$10.802
11/05/2021,$11.07,2408230,$10.90,$11.142,$10.90
11/04/2021,$10.72,1909260,$10.746,$10.784,$10.61
11/03/2021,$10.719,1799550,$10.90,$10.928,$10.59
11/02/2021,$10.714,2390285,$10.64,$10.86,$10.64
11/01/2021,$11.108,1227660,$11.144,$11.144,$11.006
10/29/2021,$11.05,1142845,$11.008,$11.05,$10.986
10/28/2021,$10.934,1285860,$10.802,$10.942,$10.80
10/27/2021,$10.678,1017095,$10.776,$10.776,$10.678
10/26/2021,$10.73,1531165,$10.738,$10.924,$10.71
10/25/2021,$10.83,1279090,$10.82,$10.86,$10.724
10/22/2021,$10.972,1028170,$10.948,$11.06,$10.938
10/21/2021,$10.938,5371030,$11.058,$11.066,$10.8819
10/20/2021,$10.946,3150790,$10.998,$11.00,$10.93
10/19/2021,$11.21,2145495,$11.308,$11.308,$11.152
10/18/2021,$11.24,3041670,$11.214,$11.274,$11.188
10/15/2021,$11.258,2115170,$11.264,$11.31,$11.24
10/14/2021,$11.394,1112355,$11.498,$11.498,$11.324
10/13/2021,$11.29,556045,$11.308,$11.308,$11.22
10/12/2021,$11.31,1250350,$11.35,$11.37,$11.236
10/11/2021,$11.283,1148435,$11.336,$11.36,$11.192
10/08/2021,$11.272,877790,$11.35,$11.362,$11.24
10/07/2021,$11.33,1367985,$11.292,$11.38,$11.264
10/06/2021,$11.156,1658180,$11.084,$11.18,$11.026
10/05/2021,$10.92,3418860,$10.966,$11.00,$10.882
10/04/2021,$10.94,3313660,$11.152,$11.152,$10.90
10/01/2021,$11.26,7871135,$10.956,$11.374,$10.956
09/30/2021,$11.85,5248270,$12.05,$12.088,$11.76
09/29/2021,$11.802,3394070,$11.89,$11.984,$11.80
09/28/2021,$11.634,3580975,$12.076,$12.076,$11.61
09/27/2021,$12.148,967235,$12.25,$12.258,$12.084
09/24/2021,$12.152,1412210,$12.264,$12.264,$12.056
09/23/2021,$12.28,1792400,$12.328,$12.328,$12.13
09/22/2021,$12.124,3606170,$12.168,$12.264,$12.122
09/21/2021,$12.05,2301200,$12.15,$12.15,$12.04
09/20/2021,$11.99,2430755,$11.97,$12.122,$11.918
09/17/2021,$12.14,3217340,$12.15,$12.15,$12.00
09/16/2021,$12.004,1979190,$12.156,$12.156,$11.926
09/15/2021,$12.238,4769215,$12.488,$12.488,$12.16
09/14/2021,$12.252,3278950,$12.40,$12.40,$12.25
09/13/2021,$12.53,2635890,$12.554,$12.574,$12.482
09/10/2021,$12.434,2462010,$12.60,$12.676,$12.40
09/09/2021,$12.31,3337670,$12.26,$12.458,$12.26
09/08/2021,$12.31,2084930,$12.498,$12.498,$12.31
09/07/2021,$12.60,2287865,$12.684,$12.75,$12.52
09/03/2021,$12.38,3380435,$12.494,$12.496,$12.24
09/02/2021,$12.388,2690955,$12.39,$12.556,$12.364
09/01/2021,$12.222,3558030,$12.108,$12.344,$12.108
08/31/2021,$12.016,2424070,$11.952,$12.082,$11.952
08/30/2021,$11.91,1338515,$11.802,$11.99,$11.802
08/27/2021,$11.79,3375565,$11.918,$11.918,$11.68
08/26/2021,$11.856,1264120,$11.93,$11.95,$11.85
08/25/2021,$12.044,1820385,$12.078,$12.078,$11.954
08/24/2021,$12.104,1828245,$12.18,$12.18,$12.10
08/23/2021,$12.07,2567715,$12.004,$12.10,$11.96
08/20/2021,$12.076,2760580,$12.02,$12.076,$11.934
08/19/2021,$11.81,1858435,$11.566,$11.844,$11.566
08/18/2021,$11.8062,2255650,$12.03,$12.03,$11.804
08/17/2021,$11.834,2785635,$11.904,$11.904,$11.758
08/16/2021,$11.87,4859540,$11.844,$11.878,$11.77
08/13/2021,$11.886,2257270,$11.82,$11.968,$11.82
08/12/2021,$11.80,3636830,$11.78,$11.90,$11.71
08/11/2021,$11.838,3232265,$11.82,$11.96,$11.788
08/10/2021,$11.3699,5255990,$11.50,$11.50,$11.344
08/09/2021,$11.826,2437115,$11.908,$11.908,$11.784
08/06/2021,$11.824,6412480,$11.942,$12.02,$11.822
08/05/2021,$12.534,3837345,$12.72,$12.73,$12.332
08/04/2021,$12.762,1871795,$12.854,$12.88,$12.606
08/03/2021,$12.968,1878545,$12.892,$13.05,$12.892
08/02/2021,$13.018,1819885,$13.024,$13.098,$12.984
07/30/2021,$12.85,2511710,$12.90,$12.922,$12.802
07/29/2021,$13.312,2437500,$13.4496,$13.45,$13.302
07/28/2021,$13.57,2081025,$13.45,$13.57,$13.402
07/27/2021,$13.578,2050515,$13.64,$13.784,$13.46
07/26/2021,$13.598,2867670,$13.60,$13.666,$13.53
07/23/2021,$13.726,3072245,$13.685,$13.798,$13.664
07/22/2021,$13.678,2454865,$13.84,$13.84,$13.664
07/21/2021,$13.74,4377870,$13.638,$13.74,$13.51
07/20/2021,$13.71,13522955,$13.748,$13.748,$13.622
07/19/2021,$13.80,5535305,$13.872,$13.994,$13.72
07/16/2021,$14.11,1159355,$14.10,$14.23,$14.10
07/15/2021,$14.23,3065745,$14.424,$14.426,$14.176
07/14/2021,$14.424,1074995,$14.538,$14.538,$14.288
07/13/2021,$14.282,919685,$14.30,$14.378,$14.214
07/12/2021,$14.42,794565,$14.346,$14.502,$14.346
07/09/2021,$14.538,1133280,$14.292,$14.538,$14.292
07/08/2021,$14.25,1136095,$14.521,$14.574,$14.008
07/07/2021,$14.962,2171415,$15.033,$15.09,$14.952
07/06/2021,$15.058,1499295,$15.045,$15.104,$15.002
07/02/2021,$14.692,704725,$14.692,$14.712,$14.5842
07/01/2021,$14.482,812915,$14.452,$14.574,$14.406
06/30/2021,$14.506,1016705,$14.496,$14.608,$14.462
06/29/2021,$14.62,2050990,$14.515,$14.674,$14.498
06/28/2021,$14.716,1795865,$14.557,$14.78,$14.542
06/25/2021,$14.476,1277980,$14.452,$14.554,$14.402
06/24/2021,$14.56,1052365,$14.412,$14.668,$14.412
06/23/2021,$14.402,1012425,$14.40,$14.54,$14.40
06/22/2021,$14.74,1059350,$14.602,$14.774,$14.60
06/21/2021,$14.85,1276325,$14.68,$14.85,$14.66
06/18/2021,$14.718,1398055,$14.836,$14.836,$14.688
06/17/2021,$14.71,2400745,$14.5572,$14.842,$14.49
06/16/2021,$14.282,1597115,$14.45,$14.45,$14.122
06/15/2021,$14.646,1639495,$14.756,$14.80,$14.63
06/14/2021,$14.856,1448165,$14.942,$14.942,$14.80
06/11/2021,$15.41,1077355,$15.35,$15.414,$15.304
06/10/2021,$15.408,1015730,$15.25,$15.428,$15.25
06/09/2021,$15.34,912000,$15.292,$15.55,$15.292
06/08/2021,$15.60,1547170,$15.778,$15.778,$15.534
06/07/2021,$15.726,862890,$15.60,$15.773,$15.60
06/04/2021,$15.558,784230,$15.464,$15.61,$15.298
06/03/2021,$15.26,1557180,$15.256,$15.448,$15.212
06/02/2021,$15.25,1170845,$15.302,$15.384,$15.204
06/01/2021,$15.202,1491755,$15.18,$15.398,$15.036
05/28/2021,$15.464,1155950,$15.384,$15.528,$15.384
05/27/2021,$15.326,1328495,$15.29,$15.35,$15.26
05/26/2021,$15.474,1087565,$15.59,$15.59,$15.404
05/25/2021,$15.29,1570340,$15.30,$15.342,$15.208
05/24/2021,$15.02,2657560,$14.918,$15.04,$14.882
05/21/2021,$14.674,2528065,$14.77,$14.81,$14.58
05/20/2021,$14.386,5358150,$14.256,$14.49,$14.256
05/19/2021,$14.36,1964530,$14.136,$14.36,$14.136
05/18/2021,$14.08,3242375,$14.175,$14.266,$14.06
05/17/2021,$14.264,1740580,$14.204,$14.382,$14.174
05/14/2021,$14.106,1918320,$14.00,$14.25,$14.00
05/13/2021,$13.72,7994750,$13.86,$13.877,$13.572
05/12/2021,$13.904,1682820,$14.108,$14.12,$13.882
05/11/2021,$14.31,5854410,$14.24,$14.352,$14.132
05/10/2021,$14.13,5612475,$14.202,$14.352,$14.09
05/07/2021,$13.798,6181155,$13.8758,$14.10,$13.75
05/06/2021,$14.002,3800040,$13.616,$14.052,$13.616
05/05/2021,$14.46,2181740,$14.30,$14.47,$14.30
05/04/2021,$14.21,2072660,$14.40,$14.486,$14.142
05/03/2021,$14.496,2146150,$14.464,$14.59,$14.40
04/30/2021,$14.378,1515315,$14.15,$14.39,$14.15
04/29/2021,$14.222,975325,$14.632,$14.632,$14.036
04/28/2021,$14.278,942220,$14.176,$14.418,$14.176
04/27/2021,$14.028,1470460,$14.002,$14.208,$14.002
04/26/2021,$14.222,6111545,$14.124,$14.29,$14.12
04/23/2021,$14.49,2999100,$14.68,$14.68,$14.442
04/22/2021,$14.438,1361995,$14.46,$14.548,$14.31
04/21/2021,$14.612,989680,$14.45,$14.628,$14.44
04/20/2021,$14.476,2321490,$14.698,$14.698,$14.432
04/19/2021,$14.604,1950970,$14.652,$14.894,$14.46
04/16/2021,$14.97,1496690,$14.95,$15.046,$14.822
04/15/2021,$14.988,1183455,$14.884,$15.05,$14.884
04/14/2021,$15.016,1107245,$15.058,$15.202,$14.982
04/13/2021,$15.18,1826920,$15.00,$15.20,$14.856
04/12/2021,$14.828,889215,$14.502,$14.83,$14.502
04/09/2021,$14.80,887005,$14.702,$14.87,$14.662
04/08/2021,$14.852,755520,$14.724,$14.99,$14.724
04/07/2021,$14.54,2092760,$14.532,$14.60,$14.48
04/06/2021,$14.572,1469245,$14.614,$14.614,$14.418
04/05/2021,$14.436,1039470,$14.466,$14.466,$14.228
04/01/2021,$14.364,1889165,$14.208,$14.46,$14.208
03/31/2021,$14.16,2849980,$14.136,$14.224,$14.006
03/30/2021,$14.48,1211740,$14.30,$14.536,$14.276
03/29/2021,$14.56,1711750,$14.6002,$14.624,$14.336
03/26/2021,$14.624,1737390,$14.67,$14.70,$14.416
03/25/2021,$14.228,2678110,$14.316,$14.316,$14.12
03/24/2021,$14.402,2526870,$14.57,$14.676,$14.396
03/23/2021,$14.74,2206850,$14.858,$14.858,$14.692
03/22/2021,$14.612,1539210,$14.688,$14.726,$14.414
03/19/2021,$14.416,2694620,$14.234,$14.416,$14.164
03/18/2021,$14.302,1827175,$14.44,$14.466,$14.244
03/17/2021,$14.624,2190795,$14.402,$14.70,$14.286
03/16/2021,$14.652,3274460,$14.67,$14.78,$14.60
03/15/2021,$14.236,2546980,$14.138,$14.248,$14.10
03/12/2021,$13.84,2004205,$13.8516,$13.886,$13.76
03/11/2021,$13.878,3866210,$13.816,$14.136,$13.80
03/10/2021,$13.698,3653070,$13.80,$13.996,$13.688
03/09/2021,$13.82,3492235,$13.72,$13.898,$13.638
03/08/2021,$13.718,5579480,$13.81,$13.88,$13.626
03/05/2021,$14.365,3908885,$14.50,$14.50,$14.002
03/04/2021,$14.024,3851965,$14.2346,$14.2896,$13.862
03/03/2021,$14.577,3116745,$14.74,$14.80,$14.516
03/02/2021,$15.08,2972190,$15.1788,$15.25,$15.062
03/01/2021,$15.478,2972875,$15.374,$15.478,$15.35
02/26/2021,$15.424,3031835,$15.206,$15.58,$15.206
02/25/2021,$15.762,3932350,$15.952,$16.126,$15.72
02/24/2021,$15.79,1986450,$15.568,$15.846,$15.568
02/23/2021,$15.884,2596325,$15.72,$15.894,$15.00
02/22/2021,$15.90,1550090,$16.1106,$16.176,$15.858
02/19/2021,$16.274,1637490,$16.266,$16.30,$16.20
02/18/2021,$16.19,1796420,$16.22,$16.244,$15.992
02/17/2021,$16.25,3536375,$16.296,$16.316,$16.014
02/16/2021,$16.32,3033285,$16.282,$16.40,$16.004
02/12/2021,$15.922,2005645,$15.77,$15.934,$15.77
02/11/2021,$15.462,1646335,$15.422,$15.59,$15.38
02/10/2021,$15.38,2717100,$15.40,$15.438,$15.206
02/09/2021,$14.832,3117875,$14.95,$14.95,$14.774
02/08/2021,$15.10,1826385,$15.20,$15.20,$15.10
02/05/2021,$15.042,1539050,$14.98,$15.15,$14.98
02/04/2021,$14.626,2256015,$14.68,$14.708,$14.542
02/03/2021,$14.80,3885955,$14.984,$14.984,$14.80
02/02/2021,$15.092,8895885,$14.9412,$15.092,$14.856
02/01/2021,$15.48,3334705,$15.21,$15.634,$15.15
01/29/2021,$14.454,2473485,$14.842,$14.842,$14.40
01/28/2021,$14.976,1819490,$14.80,$15.032,$14.756
01/27/2021,$14.856,2362635,$15.1246,$15.17,$14.80
01/26/2021,$15.06,3348985,$15.036,$15.094,$15.018
01/25/2021,$15.20,5881355,$15.2472,$15.254,$15.104
01/22/2021,$15.498,2515555,$15.366,$15.498,$15.272
01/21/2021,$15.238,3630930,$15.162,$15.24,$15.156
01/20/2021,$15.78,1773985,$15.794,$15.80,$15.618
01/19/2021,$15.89,1659140,$15.956,$15.956,$15.75
01/15/2021,$15.75,1855685,$15.90,$15.90,$15.702
01/14/2021,$15.842,1413725,$15.848,$15.914,$15.80
01/13/2021,$15.834,1996745,$15.992,$15.992,$15.80
01/12/2021,$16.062,1507505,$16.098,$16.098,$15.92
01/11/2021,$15.858,1436610,$15.716,$15.976,$15.716
01/08/2021,$16.01,2465040,$15.91,$16.09,$15.804
01/07/2021,$15.802,2363235,$15.805,$15.842,$15.60
01/06/2021,$15.738,1900130,$15.872,$15.872,$15.628
01/05/2021,$16.176,1448330,$15.908,$16.176,$15.908
01/04/2021,$15.74,3369055,$15.96,$16.00,$15.656
12/31/2020,$16.104,975785,$16.212,$16.212,$16.064
12/30/2020,$16.144,1695475,$16.00,$16.474,$15.977
12/29/2020,$15.932,2109850,$15.976,$15.976,$15.762
12/28/2020,$16.05,3834270,$15.90,$16.15,$15.90
12/24/2020,$15.716,824680,$15.632,$15.752,$15.526
12/23/2020,$15.628,1051410,$15.5004,$15.676,$15.402
12/22/2020,$15.53,2146885,$15.542,$15.676,$15.506
12/21/2020,$15.786,2289400,$15.462,$15.832,$15.42
12/18/2020,$16.168,1436380,$16.278,$16.278,$16.12
12/17/2020,$16.43,3685860,$16.31,$16.51,$16.31
12/16/2020,$15.334,1450570,$15.224,$15.398,$15.186
12/15/2020,$14.842,1788450,$15.12,$15.12,$14.816
12/14/2020,$15.05,2588635,$15.14,$15.17,$15.02
12/11/2020,$14.558,1704905,$14.538,$14.582,$14.386
12/10/2020,$14.23,2194015,$14.021,$14.28,$13.912
12/09/2020,$14.021,1370820,$14.358,$14.358,$13.93
12/08/2020,$14.134,1681660,$14.038,$14.138,$14.00
12/07/2020,$13.842,1200300,$14.048,$14.048,$13.628
12/04/2020,$13.68,1725305,$13.67,$13.73,$13.595
12/03/2020,$13.566,1832145,$13.55,$13.60,$13.4113
12/02/2020,$13.676,1205490,$13.756,$13.756,$13.54
12/01/2020,$13.768,2735205,$13.7218,$13.818,$13.684
11/30/2020,$14.19,3502325,$14.532,$14.532,$14.15
11/27/2020,$14.00,1880035,$13.92,$14.10,$13.92
11/25/2020,$13.32,4233570,$13.30,$13.398,$13.19
11/24/2020,$13.164,2837865,$13.256,$13.256,$13.1228
11/23/2020,$13.268,3810305,$13.40,$13.414,$13.188
11/20/2020,$13.264,2686315,$13.378,$13.378,$13.1499
11/19/2020,$13.364,7823800,$13.23,$13.412,$13.004
11/18/2020,$12.89,3869655,$12.88,$12.918,$12.80
11/17/2020,$12.83,7738210,$12.596,$12.862,$12.54
11/16/2020,$12.788,4822615,$12.796,$12.84,$12.70
11/13/2020,$13.106,2448295,$13.142,$13.164,$12.89
11/12/2020,$12.868,3595995,$12.844,$12.986,$12.616
11/11/2020,$12.658,5100135,$12.418,$12.70,$12.322
11/10/2020,$12.882,7802215,$12.915,$12.98,$12.762
11/09/2020,$13.26,9565770,$13.50,$13.50,$12.90
11/06/2020,$14.132,4480010,$14.055,$14.166,$13.996
11/05/2020,$14.54,5318625,$14.351,$14.75,$14.30
11/04/2020,$13.696,2342220,$13.808,$13.854,$13.604
11/03/2020,$14.008,1376540,$13.604,$14.012,$13.604
11/02/2020,$13.746,1256700,$13.676,$13.934,$13.676
10/30/2020,$13.546,1607455,$13.826,$13.826,$13.54
10/29/2020,$13.908,1216420,$13.89,$13.94,$13.67
10/28/2020,$13.61,1809400,$13.61,$13.706,$13.514
10/27/2020,$13.67,1828695,$13.816,$13.816,$13.60
10/26/2020,$13.092,1232860,$13.10,$13.146,$13.00
10/23/2020,$13.12,1232160,$13.134,$13.20,$13.08
10/22/2020,$13.398,1106415,$13.46,$13.46,$13.346
10/21/2020,$13.42,1000620,$13.422,$13.524,$13.40
10/20/2020,$13.588,1490640,$13.682,$13.682,$13.50
10/19/2020,$13.742,957860,$13.774,$13.89,$13.736
10/16/2020,$13.77,1216855,$13.766,$13.84,$13.74
10/15/2020,$13.832,1449050,$13.80,$13.878,$13.77
10/14/2020,$14.054,1848880,$13.92,$14.196,$13.92
10/13/2020,$14.084,1289755,$14.176,$14.176,$13.962
10/12/2020,$14.05,1083210,$14.154,$14.154,$13.86
10/09/2020,$13.756,822840,$13.748,$13.776,$13.724
10/08/2020,$13.77,1112085,$13.756,$13.88,$13.756
10/07/2020,$13.712,1205895,$13.66,$13.73,$13.648
10/06/2020,$13.536,1577730,$13.622,$13.758,$13.522
10/05/2020,$13.56,2338930,$13.404,$13.932,$13.404
10/02/2020,$13.892,2978875,$13.886,$13.938,$13.742
10/01/2020,$14.26,638915,$14.231,$14.282,$14.169
09/30/2020,$14.18,1295080,$14.124,$14.20,$14.12
09/29/2020,$14.328,827310,$14.306,$14.40,$14.306
09/28/2020,$14.12,901085,$14.156,$14.24,$14.102
09/25/2020,$14.068,956220,$13.976,$14.074,$13.862
09/24/2020,$14.04,1941685,$14.00,$14.08,$13.944
09/23/2020,$14.196,1632370,$14.322,$14.38,$14.13
09/22/2020,$14.30,659820,$14.396,$14.396,$14.202
09/21/2020,$14.27,966770,$14.258,$14.284,$14.0612
09/18/2020,$14.412,2717160,$14.554,$14.564,$14.21
09/17/2020,$14.104,1083440,$14.132,$14.132,$14.02
09/16/2020,$14.288,2782105,$14.23,$14.359,$14.229
09/15/2020,$14.276,2821630,$14.188,$14.294,$14.18
09/14/2020,$14.07,2050505,$14.035,$14.09,$13.992
09/11/2020,$13.998,998210,$13.978,$14.00,$13.858
09/10/2020,$13.778,2032125,$13.932,$13.97,$13.778
09/09/2020,$13.926,5317140,$13.726,$13.956,$13.2259
09/08/2020,$13.352,3520120,$13.294,$13.47,$13.204
09/04/2020,$14.136,3591095,$14.024,$14.178,$13.9136
09/03/2020,$14.02,19199320,$14.23,$14.262,$13.854
09/02/2020,$14.017,12019570,$14.10,$14.12,$13.906
09/01/2020,$14.10,12259625,$13.844,$14.248,$13.57
08/31/2020,$13.474,3435180,$13.4466,$13.4998,$13.39
08/28/2020,$13.448,3985135,$13.42,$13.472,$13.37
08/27/2020,$13.508,4732640,$13.56,$13.668,$13.422
08/26/2020,$13.73,5314225,$13.46,$13.74,$13.46
08/25/2020,$13.28,8956335,$13.232,$13.298,$13.14
08/24/2020,$13.616,3133405,$13.52,$13.654,$13.52
08/21/2020,$12.862,4592395,$12.786,$12.948,$12.786
08/20/2020,$12.62,3953240,$12.60,$12.70,$12.582
08/19/2020,$12.64,2066730,$12.64,$12.73,$12.58
08/18/2020,$12.61,2450325,$12.54,$12.624,$12.54
08/17/2020,$12.184,1221710,$12.024,$12.216,$12.024
08/14/2020,$11.992,527195,$11.80,$12.09,$11.80
08/13/2020,$11.9904,751155,$11.808,$12.10,$11.808
08/12/2020,$12.014,2238895,$11.893,$12.02,$11.81
08/11/2020,$11.69,1691170,$11.86,$11.86,$11.679
08/10/2020,$11.85,1783010,$12.04,$12.04,$11.822
08/07/2020,$11.826,2004620,$11.92,$11.94,$11.822
08/06/2020,$12.264,5421950,$12.38,$12.44,$11.90
08/05/2020,$11.748,3223920,$11.659,$11.758,$11.64
08/04/2020,$11.41,3666065,$11.178,$11.45,$11.178
08/03/2020,$11.192,1444820,$11.098,$11.206,$11.00
07/31/2020,$11.002,742550,$11.08,$11.08,$10.954
07/30/2020,$11.274,648430,$11.248,$11.31,$11.14
07/29/2020,$11.372,1025445,$11.212,$11.382,$11.212
07/28/2020,$11.212,822585,$11.102,$11.324,$11.102
07/27/2020,$11.32,510815,$11.108,$11.38,$11.108
07/24/2020,$11.052,922070,$11.06,$11.07,$11.00
07/23/2020,$11.00,578240,$11.112,$11.112,$11.00
07/22/2020,$11.05,691735,$11.058,$11.154,$11.05
07/21/2020,$11.098,748520,$11.15,$11.182,$11.086
07/20/2020,$11.054,1327490,$11.098,$11.098,$10.944
07/17/2020,$11.168,650135,$11.134,$11.168,$11.11
07/16/2020,$11.19,632665,$11.192,$11.248,$11.138
07/15/2020,$11.362,740790,$11.50,$11.50,$11.328
07/14/2020,$11.278,1590000,$11.22,$11.284,$11.172
07/13/2020,$11.34,956885,$11.32,$11.46,$11.32
07/10/2020,$11.458,867915,$11.554,$11.554,$11.398
07/09/2020,$11.58,839975,$11.498,$11.61,$11.498
07/08/2020,$11.664,982220,$11.526,$11.664,$11.524
07/07/2020,$11.93,1149005,$11.9168,$12.00,$11.868
07/06/2020,$11.756,1831175,$11.612,$11.758,$11.612
07/02/2020,$11.274,723760,$11.272,$11.338,$11.246
07/01/2020,$11.20,681895,$11.115,$11.222,$11.044
06/30/2020,$11.18,541425,$11.052,$11.202,$11.052
06/29/2020,$11.204,730140,$11.276,$11.276,$11.133
06/26/2020,$11.24,1371830,$11.36,$11.36,$11.20
06/25/2020,$11.186,5927860,$11.22,$11.348,$11.022
06/24/2020,$11.288,7525040,$11.46,$11.538,$11.232
06/23/2020,$11.364,3955740,$11.54,$11.578,$11.35
06/22/2020,$11.70,1549390,$11.776,$11.776,$11.668
06/19/2020,$11.718,1882970,$11.768,$11.782,$11.634
06/18/2020,$11.708,1470345,$11.676,$11.79,$11.676
06/17/2020,$11.486,1710810,$11.332,$11.58,$11.332
06/16/2020,$11.14,1328165,$11.093,$11.14,$11.024
06/15/2020,$10.998,1309095,$11.004,$11.058,$10.916
06/12/2020,$11.08,1176455,$11.08,$11.138,$11.014
06/11/2020,$10.77,2150570,$10.90,$10.94,$10.726
06/10/2020,$10.548,1141295,$10.59,$10.59,$10.491
06/09/2020,$10.47,1021585,$10.40,$10.47,$10.37
06/08/2020,$10.344,2117625,$10.29,$10.37,$10.20
06/05/2020,$10.544,1947080,$10.564,$10.616,$10.468
06/04/2020,$10.418,1999125,$10.38,$10.456,$10.36
06/03/2020,$10.29,2258115,$10.265,$10.32,$10.184
06/02/2020,$10.13,5859050,$10.22,$10.262,$10.086
06/01/2020,$10.362,1049745,$10.26,$10.374,$10.26
05/29/2020,$10.168,2201640,$10.10,$10.25,$10.10
05/28/2020,$10.24,1967395,$10.1538,$10.354,$10.15
05/27/2020,$10.254,1542425,$10.294,$10.294,$10.128
05/26/2020,$10.27,1338940,$10.354,$10.39,$10.256
05/22/2020,$10.426,1383030,$10.396,$10.45,$10.392
05/21/2020,$10.396,1104680,$10.374,$10.476,$10.36
05/20/2020,$10.33,1361495,$10.268,$10.396,$10.268
05/19/2020,$10.22,1861350,$10.22,$10.27,$10.162
05/18/2020,$10.522,1196180,$10.417,$10.53,$10.408
05/15/2020,$10.478,651545,$10.4501,$10.504,$10.416
05/14/2020,$10.454,1094290,$10.37,$10.46,$10.318
05/13/2020,$10.42,1930830,$10.502,$10.54,$10.352
05/12/2020,$10.364,1219935,$10.5284,$10.542,$10.356
05/11/2020,$10.238,1206785,$10.24,$10.244,$10.134
05/08/2020,$10.36,4780890,$10.293,$10.396,$10.272
05/07/2020,$10.87,2396565,$10.84,$10.968,$10.75
05/06/2020,$10.63,2646190,$10.584,$10.714,$10.532
05/05/2020,$10.554,712895,$10.624,$10.624,$10.48
05/04/2020,$10.454,728670,$10.332,$10.458,$10.236
05/01/2020,$10.472,1361850,$10.364,$10.518,$10.364
04/30/2020,$10.288,2328320,$10.436,$10.436,$10.204
04/29/2020,$10.85,1915710,$10.828,$10.978,$10.828
04/28/2020,$10.762,1530045,$10.88,$10.94,$10.74
04/27/2020,$10.93,1594830,$10.978,$10.978,$10.892
04/24/2020,$10.965,2137445,$10.874,$10.974,$10.863
04/23/2020,$10.836,2424525,$10.8394,$10.914,$10.822
04/22/2020,$10.97,2739655,$10.968,$11.046,$10.928
04/21/2020,$11.024,6653650,$10.56,$11.184,$10.492
04/20/2020,$10.58,1358320,$10.57,$10.70,$10.57
04/17/2020,$10.726,2945995,$10.64,$10.956,$10.64
04/16/2020,$11.02,2188980,$10.826,$11.02,$10.826
04/15/2020,$10.818,2776750,$10.756,$10.836,$10.658
04/14/2020,$10.604,3006165,$10.566,$10.726,$10.516
04/13/2020,$10.36,1892300,$10.13,$10.42,$10.13
04/09/2020,$10.098,2780105,$10.08,$10.198,$10.016
04/08/2020,$10.104,2581175,$10.016,$10.128,$9.898
04/07/2020,$10.016,2669265,$10.142,$10.217,$10.00
04/06/2020,$10.018,2362765,$9.818,$10.0388,$9.818
04/03/2020,$9.608,1886370,$9.706,$9.706,$9.568
04/02/2020,$9.70,1677280,$9.667,$9.768,$9.5422
04/01/2020,$9.69,3479620,$9.524,$9.808,$9.522
03/31/2020,$9.656,2229870,$9.484,$9.75,$9.484
03/30/2020,$9.628,3060430,$9.548,$9.67,$9.162
03/27/2020,$9.137,2745815,$8.79,$9.306,$8.79
03/26/2020,$9.172,6165585,$8.93,$9.184,$8.93
03/25/2020,$8.762,2179240,$8.916,$8.916,$8.458
03/24/2020,$8.928,2517760,$9.18,$9.18,$8.574
03/23/2020,$8.596,1488325,$8.544,$8.758,$8.544
03/20/2020,$8.701,1443605,$8.8332,$9.036,$8.66
03/19/2020,$8.77,1835610,$8.502,$9.00,$8.43
03/18/2020,$8.142,1832840,$8.00,$8.28,$7.998
03/17/2020,$8.204,2631945,$7.986,$8.23,$7.90
03/16/2020,$7.5928,2144910,$7.54,$7.774,$7.164
03/13/2020,$7.939,1869670,$7.8918,$8.038,$7.68
03/12/2020,$7.784,4167340,$7.90,$7.97,$7.53
03/11/2020,$8.306,1200580,$8.452,$8.50,$8.244
03/10/2020,$8.6988,2001355,$8.616,$8.716,$8.466
03/09/2020,$8.48,2255580,$8.44,$8.61,$8.322
03/06/2020,$8.776,968265,$8.604,$8.782,$8.604
03/05/2020,$8.752,2066525,$8.624,$8.79,$8.624
03/04/2020,$8.758,1197505,$8.632,$8.762,$8.632
03/03/2020,$8.507,1036640,$8.522,$8.628,$8.436
03/02/2020,$8.646,2259705,$8.402,$8.646,$8.402
02/28/2020,$8.396,3887975,$8.152,$8.406,$8.152
02/27/2020,$8.508,1702560,$8.62,$8.642,$8.50
02/26/2020,$8.77,1204485,$8.714,$8.846,$8.714
02/25/2020,$8.678,2358235,$8.764,$8.82,$8.654
02/24/2020,$8.634,1217290,$8.61,$8.726,$8.60
02/21/2020,$8.87,835095,$8.83,$8.95,$8.83
02/20/2020,$8.966,874255,$8.904,$9.042,$8.904
02/19/2020,$9.09,1989150,$9.06,$9.12,$9.06
02/18/2020,$8.998,1910815,$8.992,$9.044,$8.986
02/14/2020,$9.044,2728360,$9.03,$9.074,$9.02
02/13/2020,$9.14,878130,$9.154,$9.205,$9.098
02/12/2020,$9.28,1258110,$9.22,$9.28,$9.22
02/11/2020,$9.356,902685,$9.262,$9.366,$9.262
02/10/2020,$9.28,3653265,$9.206,$9.28,$9.206
02/07/2020,$9.206,2522190,$9.174,$9.276,$9.174
02/06/2020,$9.266,1833835,$9.26,$9.30,$9.252
02/05/2020,$9.28,2424920,$9.226,$9.28,$9.226
02/04/2020,$9.284,2165805,$9.22,$9.284,$9.204
02/03/2020,$9.164,2226180,$9.228,$9.228,$9.16
01/31/2020,$9.18,4826225,$9.332,$9.336,$9.15
01/30/2020,$9.47,2372385,$9.736,$9.758,$9.362
01/29/2020,$9.76,752160,$9.778,$9.79,$9.738
01/28/2020,$9.79,928475,$9.646,$9.798,$9.646
01/27/2020,$9.636,1284060,$9.616,$9.68,$9.616
01/24/2020,$9.946,944765,$9.922,$9.992,$9.916
01/23/2020,$9.952,526150,$9.85,$9.953,$9.85
01/22/2020,$9.81,489850,$9.852,$9.852,$9.80
01/21/2020,$9.792,958555,$9.80,$9.85,$9.77
01/17/2020,$9.734,1492570,$9.762,$9.762,$9.714
01/16/2020,$9.768,1199425,$9.80,$9.804,$9.752
01/15/2020,$9.802,435905,$9.812,$9.83,$9.794
01/14/2020,$9.83,594070,$9.78,$9.832,$9.78
01/13/2020,$9.92,639185,$9.82,$9.92,$9.82
01/10/2020,$9.892,1036295,$9.91,$9.91,$9.854
01/09/2020,$9.908,2596695,$9.94,$9.948,$9.88
01/08/2020,$9.922,2782835,$9.82,$9.95,$9.78
01/07/2020,$9.832,1096595,$9.88,$9.902,$9.81
01/06/2020,$9.91,1162530,$9.88,$9.936,$9.824
01/03/2020,$10.05,506245,$9.946,$10.10,$9.946
01/02/2020,$10.138,1180385,$10.136,$10.164,$10.09
12/31/2019,$9.98,547720,$9.972,$9.986,$9.95
12/30/2019,$9.94,1170665,$9.986,$10.05,$9.94
12/27/2019,$10.00,1170740,$9.984,$10.024,$9.984
12/26/2019,$9.98,548485,$9.89,$9.98,$9.89
12/24/2019,$9.91,318405,$9.88,$9.934,$9.88
12/23/2019,$9.928,601055,$9.908,$9.934,$9.88
12/20/2019,$9.896,1319645,$9.84,$9.90,$9.836
12/19/2019,$9.93,1412320,$10.046,$10.046,$9.93
12/18/2019,$10.186,605610,$10.20,$10.20,$10.12
12/17/2019,$10.39,2804650,$10.44,$10.44,$10.362
12/16/2019,$10.462,2936615,$10.35,$10.483,$10.35
12/13/2019,$10.19,1054475,$10.252,$10.252,$10.17
12/12/2019,$10.376,1183090,$10.276,$10.408,$10.276
12/11/2019,$10.506,1683110,$10.54,$10.54,$10.466
12/10/2019,$10.59,2502915,$10.63,$10.648,$10.56
12/09/2019,$10.344,640955,$10.338,$10.378,$10.328
12/06/2019,$10.11,437585,$10.066,$10.116,$10.032
12/05/2019,$9.998,1705755,$10.059,$10.116,$9.998
12/04/2019,$10.145,1147190,$10.13,$10.212,$10.13
12/03/2019,$10.186,1672625,$10.11,$10.21,$10.108
12/02/2019,$10.008,1959825,$9.876,$10.16,$9.876
11/29/2019,$9.678,141620,$9.70,$9.70,$9.65
11/27/2019,$9.76,519675,$9.726,$9.764,$9.726
11/26/2019,$9.748,776220,$9.7504,$9.766,$9.736
11/25/2019,$9.768,1579810,$9.666,$9.77,$9.666
11/22/2019,$9.595,1436715,$9.492,$9.596,$9.492
11/21/2019,$9.736,6468545,$9.842,$9.858,$9.682
11/20/2019,$9.908,8836940,$9.812,$9.918,$9.812
11/19/2019,$9.754,1545865,$9.708,$9.778,$9.708
11/18/2019,$9.614,955905,$9.64,$9.688,$9.60
11/15/2019,$9.484,1607975,$9.54,$9.558,$9.476
11/14/2019,$9.62,393775,$9.59,$9.628,$9.59
11/13/2019,$9.63,499560,$9.63,$9.676,$9.618
11/12/2019,$9.682,356875,$9.66,$9.716,$9.66
11/11/2019,$9.62,394905,$9.572,$9.624,$9.572
11/08/2019,$9.594,316385,$9.67,$9.67,$9.57
11/07/2019,$9.632,488350,$9.652,$9.678,$9.632
11/06/2019,$9.6381,2516955,$9.72,$9.72,$9.626
11/05/2019,$9.87,7644340,$9.842,$9.904,$9.824
